"Início dos relatórios","Término dos relatórios","Nome da campanha","Veiculação da campanha","Orçamento do conjunto de anúncios","Tipo de orçamento do conjunto de anúncios","Valor usado (BRL)",Resultados,"Indicador de resultados","Custo por resultados","CPM (custo por 1.000 impressões) (BRL)",Alcance,Frequência,Impressões,"CTR (taxa de cliques no link)","Cliques no link","CPC (custo por clique no link) (BRL)","Visitas ao perfil do Instagram"
2025-06-01,2025-06-30,"CP149 [Cadastros] Chopper - Setembro — amplo",inactive,"Usando o orçamento do conjunto de anúncios",0,0,,,,0,0,0,0,,,,0
2025-06-01,2025-06-30,"CP146 [Cadastros] Master ride  CBO - Setembro — delivery",inactive,6.11,Diário,0,,,,0,0,0,0,,,,0
2025-06-01,2025-06-30,"CP150 [Cadastros]  DR160 -Setembro — amplo",inactive,"Usando o orçamento do conjunto de anúncios",0,0,,,,0,0,0,0,,,,0
2025-06-01,2025-06-30,"CP151 [Cadastros] DK 160 emplacada - Setembro — delivery",inactive,6,Diário,0,,,,0,0,0,0,,,,0
2025-06-01,2025-06-30,"CP150 [Cadastros] Chopper - Setembro - delivery",inactive,"Usando o orçamento do conjunto de anúncios",0,0,,,,0,0,0,0,,,,0
2025-06-01,2025-06-30,"CP151 [Cadastros] DK 160 emplacada - Setembro",inactive,6,Diário,0,,,,0,0,0,0,,,,0
2025-06-01,2025-06-30,"CP153 [Cadastros]  DR160 -Setembro — amplo",inactive,"Usando o orçamento do conjunto de anúncios",0,0,,,,0,0,0,0,,,,0
2025-06-01,2025-06-30,"CP154 [Cadastros] Master ride  CBO - Setembro",inactive,26.31,Diário,0,,,,0,0,0,0,,,,0
2025-06-01,2025-06-30,"CP155 [Cadastros]  DK150 -Setembro",inactive,"Usando o orçamento do conjunto de anúncios",0,0,,,,0,0,0,0,,,,0
2025-06-01,2025-06-30,"CP156 [Cadastros]  NK150 - MARÇO",inactive,"Usando o orçamento do conjunto de anúncios",0,0,,,,0,0,0,0,,,,0
2025-06-01,2025-06-30,"CP157 [Cadastros] Master ride  CBO - Setembro",inactive,25,Diário,0,,,,0,0,0,0,,,,0
2025-06-01,2025-06-30,"CP158 [Cadastros]  DR160 -Setembro",inactive,"Usando o orçamento do conjunto de anúncios",0,0,,,,0,0,0,0,,,,0
2025-06-01,2025-06-30,"CP159 [Cadastros]  DK150 -Setembro",inactive,"Usando o orçamento do conjunto de anúncios",0,0,,,,0,0,0,0,,,,0
2025-06-01,2025-06-30,"CP160 [Cadastros] Master ride - Outubro 24",inactive,"Usando o orçamento do conjunto de anúncios",0,0,,,,0,0,0,0,,,,0
2025-06-01,2025-06-30,"CP161 [Cadastros]  DK150 - Outubro",inactive,"Usando o orçamento do conjunto de anúncios",0,0,,,,0,0,0,0,,,,0
2025-06-01,2025-06-30,"CP158 [Cadastros]  DR160 - Outubro",inactive,"Usando o orçamento do conjunto de anúncios",0,0,,,,0,0,0,0,,,,0
2025-06-01,2025-06-30,"CP159 [Cadastros]  Natal - Dezembro 2024",inactive,"Usando o orçamento do conjunto de anúncios",0,0,,,,0,0,0,0,,,,0
2025-06-01,2025-06-30,"CP162 [Cadastros]  DK160 - Janeiro 2025",inactive,"Usando o orçamento do conjunto de anúncios",0,0,,,,0,0,0,0,,,,0
2025-06-01,2025-06-30,"CP163 [Cadastros]  DK150 - Janeiro 2025",inactive,"Usando o orçamento do conjunto de anúncios",0,0,,,,0,0,0,0,,,,0
2025-06-01,2025-06-30,"[Amanita] Always On | Haojue",inactive,32,Diário,0,,,,0,0,0,0,,,,0
2025-06-01,2025-06-30,"Seminovas mar 25",inactive,7,Diário,0,,,,0,0,0,0,,,,0
2025-06-01,2025-06-30,"[Amanita] Always On | Master Ride",active,25,Diário,708.11,71,actions:onsite_conversion.lead_grouped,9.97338028,16.449312,20165,2.134788,43048,1.512265,651,1.087727,111
2025-06-01,2025-06-30,"[Amanita] Always On | DR160",active,50,Diário,835.42,69,actions:onsite_conversion.lead_grouped,12.10753623,13.962996,28307,2.113647,59831,0.917585,549,1.521712,95
2025-06-01,2025-06-30,"[Amanita] Always On | DK160",active,25,Diário,350.86,33,actions:onsite_conversion.lead_grouped,10.63212121,16.021005,10745,2.038157,21900,0.90411,198,1.77202,39
2025-06-01,2025-06-30,"[Amanita] Always On | NK150",active,50,Diário,853.99,124,actions:onsite_conversion.lead_grouped,6.88701613,11.749515,28933,2.512114,72683,1.285032,934,0.914336,61
2025-06-01,2025-06-30,"11 - [Conversão] [Chopper]",inactive,"Usando o orçamento do conjunto de anúncios",0,0,,,,0,0,0,0,,,,0
2025-06-01,2025-06-30,"37 - [Conversão] [Lindy]  - Litoral",inactive,"Usando o orçamento do conjunto de anúncios",0,0,,,,0,0,0,0,,,,0
2025-06-01,2025-06-30,"CP125 [Cadastros] Master ride  CBO -Julho",inactive,11.11,Diário,0,,,,0,0,0,0,,,,0
2025-06-01,2025-06-30,"CP126 [Cadastros] DK 160 - 8 JULHO 24",inactive,25.83,Diário,0,,,,0,0,0,0,,,,0
2025-06-01,2025-06-30,"CP127 [Cadastros] DK 150 - JULHO 24",inactive,"Usando o orçamento do conjunto de anúncios",0,0,,,,0,0,0,0,,,,0
2025-06-01,2025-06-30,"CP128 [Cadastros] NK150 JUL",inactive,"Usando o orçamento do conjunto de anúncios",0,0,,,,0,0,0,0,,,,0
2025-06-01,2025-06-30,"CP129 [Cadastros] DK 160 - 15 JULHO 24",inactive,11.8,Diário,0,,,,0,0,0,0,,,,0
2025-06-01,2025-06-30,"CP130 [Cadastros] DK 150 - 15 JULHO 24",inactive,"Usando o orçamento do conjunto de anúncios",0,0,,,,0,0,0,0,,,,0
2025-06-01,2025-06-30,"CP131 [Cadastros] DK 160 emplacada - 18 JULHO 24",inactive,6,Diário,0,,,,0,0,0,0,,,,0
2025-06-01,2025-06-30,"CP132 [Cadastros] DK 150 Video Vendedores 19 JULHO 24",inactive,"Usando o orçamento do conjunto de anúncios",0,0,,,,0,0,0,0,,,,0
2025-06-01,2025-06-30,"CP133 [Cadastros] DK 150 Video Vendedores 22 JULHO 24",inactive,"Usando o orçamento do conjunto de anúncios",0,0,,,,0,0,0,0,,,,0
2025-06-01,2025-06-30,"CP134 [Cadastros] NK150 emplacamento - Agosto",inactive,"Usando o orçamento do conjunto de anúncios",0,0,,,,0,0,0,0,,,,0
2025-06-01,2025-06-30,"CP135 [Cadastros] Chopper - 16Agosto",inactive,"Usando o orçamento do conjunto de anúncios",0,0,,,,0,0,0,0,,,,0
2025-06-01,2025-06-30,"CP136 [Conversão] [DK150] Vendedores e emplacada",inactive,"Usando o orçamento do conjunto de anúncios",0,0,,,,0,0,0,0,,,,0
2025-06-01,2025-06-30,"CP137 [Conversão] [DK160] emplacada",inactive,"Usando o orçamento do conjunto de anúncios",0,0,,,,0,0,0,0,,,,0
2025-06-01,2025-06-30,"CP138 [Conversão] [DR160]",inactive,"Usando o orçamento do conjunto de anúncios",0,0,,,,0,0,0,0,,,,0
2025-06-01,2025-06-30,"CP139 [Conversão] [CHOPPER]",inactive,"Usando o orçamento do conjunto de anúncios",0,0,,,,0,0,0,0,,,,0
2025-06-01,2025-06-30,"CP140 [Conversão] [MASTER]",inactive,"Usando o orçamento do conjunto de anúncios",0,0,,,,0,0,0,0,,,,0
2025-06-01,2025-06-30,"CP141 [Cadastros] NK150 emplacamento - Agosto",inactive,"Usando o orçamento do conjunto de anúncios",0,0,,,,0,0,0,0,,,,0
2025-06-01,2025-06-30,"CP142 [Cadastros]  DR160 - Agosto",inactive,"Usando o orçamento do conjunto de anúncios",0,0,,,,0,0,0,0,,,,0
2025-06-01,2025-06-30,"CP143 [Cadastros] Chopper - 28 Agosto",inactive,"Usando o orçamento do conjunto de anúncios",0,0,,,,0,0,0,0,,,,0
2025-06-01,2025-06-30,"CP144 [Cadastros] Chopper - Setembro - delivery",inactive,"Usando o orçamento do conjunto de anúncios",0,0,,,,0,0,0,0,,,,0
2025-06-01,2025-06-30,"CP146 [Cadastros] Master ride  CBO - Setembro",inactive,26.31,Diário,0,,,,0,0,0,0,,,,0
2025-06-01,2025-06-30,"CP147 [Cadastros]  DR160 -Setembro",inactive,"Usando o orçamento do conjunto de anúncios",0,0,,,,0,0,0,0,,,,0
2025-06-01,2025-06-30,"CP148 [Cadastros] DK 160 emplacada - Setembro",inactive,6,Diário,0,,,,0,0,0,0,,,,0
2025-06-01,2025-06-30,"12 - [Conversão] [DK]  - Interesse delivery e mais",inactive,"Usando o orçamento do conjunto de anúncios",0,0,,,,0,0,0,0,,,,0
2025-06-01,2025-06-30,"13 - [Conversão] [GXS]",inactive,"Usando o orçamento do conjunto de anúncios",0,0,,,,0,0,0,0,,,,0
2025-06-01,2025-06-30,"14 - [Conversão] [GSX e Hayabusa]",inactive,"Usando o orçamento do conjunto de anúncios",0,0,,,,0,0,0,0,,,,0
2025-06-01,2025-06-30,"15 - [Conversão] [GSX e Hayabusa]",inactive,"Usando o orçamento do conjunto de anúncios",0,0,,,,0,0,0,0,,,,0
2025-06-01,2025-06-30,"16 - [Conversão] [NEX]  - Interesse delivery e mais",inactive,"Usando o orçamento do conjunto de anúncios",0,0,,,,0,0,0,0,,,,0
2025-06-01,2025-06-30,"16 - [Conversão] [NEX]  - Interesse delivery e mais",inactive,"Usando o orçamento do conjunto de anúncios",0,0,,,,0,0,0,0,,,,0
2025-06-01,2025-06-30,"17 - [Conversão] [Lindy]  - Interesse delivery e mais",inactive,"Usando o orçamento do conjunto de anúncios",0,0,,,,0,0,0,0,,,,0
2025-06-01,2025-06-30,"34 - [Conversão] [NEX]  - Interesse delivery — Cópia",inactive,6,Diário,0,,,,0,0,0,0,,,,0
2025-06-01,2025-06-30,"35- [Conversão] [CBO] [V-Strom 1050]",inactive,"Usando o orçamento do conjunto de anúncios",0,0,,,,0,0,0,0,,,,0
2025-06-01,2025-06-30,"36 - [Conversão] [GSX]",inactive,15,Diário,0,,,,0,0,0,0,,,,0
2025-06-01,2025-06-30,"43 - [Conversão] [NK 150]",inactive,10,Diário,0,,,,0,0,0,0,,,,0
2025-06-01,2025-06-30,"53 - [Conversão] [NK 150] — Cópia — Cópia",inactive,20,Diário,0,,,,0,0,0,0,,,,0
2025-06-01,2025-06-30,"53 - [Conversão] [NK 150]",inactive,"Usando o orçamento do conjunto de anúncios",0,0,,,,0,0,0,0,,,,0
2025-06-01,2025-06-30,"54 - [Conversão] [Lindy]",inactive,10,Diário,0,,,,0,0,0,0,,,,0
2025-06-01,2025-06-30,"61 - [Conversão] Master Ride",inactive,"Usando o orçamento do conjunto de anúncios",0,0,,,,0,0,0,0,,,,0
2025-06-01,2025-06-30,"62 - [Conversão] Master Ride — Cópia",inactive,"Usando o orçamento do conjunto de anúncios",0,0,,,,0,0,0,0,,,,0
2025-06-01,2025-06-30,"70 - [Conversão] [Chopper 12.999] - Junho/23",inactive,"Usando o orçamento do conjunto de anúncios",0,0,,,,0,0,0,0,,,,0
2025-06-01,2025-06-30,"71 - [Conversão] [NK 150] - setembro",inactive,"Usando o orçamento do conjunto de anúncios",0,0,,,,0,0,0,0,,,,0
2025-06-01,2025-06-30,"72 - [Conversão] Master Ride - junho/23",inactive,"Usando o orçamento do conjunto de anúncios",0,0,,,,0,0,0,0,,,,0
2025-06-01,2025-06-30,"73 - [Conversão] [DR 160 19.996] - setembro",inactive,"Usando o orçamento do conjunto de anúncios",0,0,,,,0,0,0,0,,,,0
2025-06-01,2025-06-30,"74 - [Conversão] [DK 12.999] - junho/23",inactive,"Usando o orçamento do conjunto de anúncios",0,0,,,,0,0,0,0,,,,0
2025-06-01,2025-06-30,"75 - [Conversão] [Lindy] junho/23",inactive,7,Diário,0,,,,0,0,0,0,,,,0
2025-06-01,2025-06-30,"76 - [Conversão] [DK 12.999] - junho/23",inactive,"Usando o orçamento do conjunto de anúncios",0,0,,,,0,0,0,0,,,,0
2025-06-01,2025-06-30,"69 - [Conversão] Master Ride - setembro",inactive,"Usando o orçamento do conjunto de anúncios",0,0,,,,0,0,0,0,,,,0
2025-06-01,2025-06-30,"CP124 [Cadastros] DK 160 - JUNHO 24",inactive,12.09,Diário,0,,,,0,0,0,0,,,,0
2025-06-01,2025-06-30,"08 - [Conversão] [Chopper]",inactive,"Usando o orçamento do conjunto de anúncios",0,0,,,,0,0,0,0,,,,0
2025-06-01,2025-06-30,"09 - [Conversão] [DK150]",inactive,"Usando o orçamento do conjunto de anúncios",0,0,,,,0,0,0,0,,,,0
2025-06-01,2025-06-30,"09 - [Conversão] [DK150] — Cópia",inactive,"Usando o orçamento do conjunto de anúncios",0,0,,,,0,0,0,0,,,,0
2025-06-01,2025-06-30,"10 - [Conversão] [DK150] R$ 11.999",inactive,"Usando o orçamento do conjunto de anúncios",0,0,,,,0,0,0,0,,,,0
2025-06-01,2025-06-30,"11 - [Conversão] [Chopper]  - Interesse delivery",inactive,"Usando o orçamento do conjunto de anúncios",0,0,,,,0,0,0,0,,,,0
2025-06-01,2025-06-30,"12 - [Conversão] [DK150] R$ 11.999 - Interesse delivery",inactive,"Usando o orçamento do conjunto de anúncios",0,0,,,,0,0,0,0,,,,0
2025-06-01,2025-06-30,"12 - [Conversão] [Chopper]  - Interesse delivery e mais",inactive,"Usando o orçamento do conjunto de anúncios",0,0,,,,0,0,0,0,,,,0
2025-06-01,2025-06-30,"33 - [Conversão] [Lindy]  - Interesse delivery",inactive,"Usando o orçamento do conjunto de anúncios",0,0,,,,0,0,0,0,,,,0
2025-06-01,2025-06-30,"45 - [Conversão] [Motos Emplacadas]",inactive,"Usando o orçamento do conjunto de anúncios",0,0,,,,0,0,0,0,,,,0
2025-06-01,2025-06-30,"46 - [Conversão] [Motos Emplacadas] — Cópia",inactive,"Usando o orçamento do conjunto de anúncios",0,0,,,,0,0,0,0,,,,0
2025-06-01,2025-06-30,"50 - [Conversão] [Chopper 12.999]",inactive,"Usando o orçamento do conjunto de anúncios",0,0,,,,0,0,0,0,,,,0
2025-06-01,2025-06-30,"51 - [Conversão] [DK 12.999]",inactive,"Usando o orçamento do conjunto de anúncios",0,0,,,,0,0,0,0,,,,0
2025-06-01,2025-06-30,"54 - [Conversão] [DK 12.999] — Cópia",inactive,"Usando o orçamento do conjunto de anúncios",0,0,,,,0,0,0,0,,,,0
2025-06-01,2025-06-30,"51 - [Conversão] [DK 12.999] — Cópia",inactive,"Usando o orçamento do conjunto de anúncios",0,0,,,,0,0,0,0,,,,0
2025-06-01,2025-06-30,"43 - [Conversão] [NK 150] — Cópia",inactive,7,Diário,0,,,,0,0,0,0,,,,0
2025-06-01,2025-06-30,"51 - [Conversão] [Chopper 12.999]",inactive,"Usando o orçamento do conjunto de anúncios",0,0,,,,0,0,0,0,,,,0
2025-06-01,2025-06-30,"52 - [Conversão] [NK 150]",inactive,20,Diário,0,,,,0,0,0,0,,,,0
2025-06-01,2025-06-30,"54 - [Conversão] [DK 12.999] — Cópia — Cópia",inactive,"Usando o orçamento do conjunto de anúncios",0,0,,,,0,0,0,0,,,,0
2025-06-01,2025-06-30,"55 - [Conversão] [DK 12.999]a",inactive,"Usando o orçamento do conjunto de anúncios",0,0,,,,0,0,0,0,,,,0
2025-06-01,2025-06-30,"56 - [Engajamento] - Salão de Motos Iguatemi",inactive,"Usando o orçamento do conjunto de anúncios",0,0,,,,0,0,0,0,,,,0
2025-06-01,2025-06-30,"60 - [Conversão] Master Ride",inactive,"Usando o orçamento do conjunto de anúncios",0,0,,,,0,0,0,0,,,,0
2025-06-01,2025-06-30,"50 - [Conversão] [Chopper 12.999] - Jan/23",inactive,"Usando o orçamento do conjunto de anúncios",0,0,,,,0,0,0,0,,,,0
2025-06-01,2025-06-30,"51 - [Conversão] [DR 160 19.996] - Jan/23",inactive,"Usando o orçamento do conjunto de anúncios",0,0,,,,0,0,0,0,,,,0
2025-06-01,2025-06-30,"52 - [Conversão] [DK 160 CBS] - Jan/23",inactive,"Usando o orçamento do conjunto de anúncios",0,0,,,,0,0,0,0,,,,0
2025-06-01,2025-06-30,"CP123 [Cadastros] DK 160 - JUNHO 24",inactive,"Usando o orçamento do conjunto de anúncios",0,0,,,,0,0,0,0,,,,0
2025-06-01,2025-06-30,"02 - [WhatsApp] [Imagens Oferta]",inactive,"Usando o orçamento do conjunto de anúncios",0,0,,,,0,0,0,0,,,,0
2025-06-01,2025-06-30,"02.1 - [WhatsApp] [Vídeos]",inactive,"Usando o orçamento do conjunto de anúncios",0,0,,,,0,0,0,0,,,,0
2025-06-01,2025-06-30,"03.1 - [VideoView] [Motos Pequenas]",inactive,"Usando o orçamento do conjunto de anúncios",0,0,,,,0,0,0,0,,,,0
2025-06-01,2025-06-30,"04 - [WhatsApp][Interesse Valor Alto] [DK150]",inactive,"Usando o orçamento do conjunto de anúncios",0,0,,,,0,0,0,0,,,,0
2025-06-01,2025-06-30,"05 - [Envolvimento] [Pós Vendas Suzuki]",inactive,"Usando o orçamento do conjunto de anúncios",0,0,,,,0,0,0,0,,,,0
2025-06-01,2025-06-30,"03 - [VideoView] [Motos Grandes]",inactive,"Usando o orçamento do conjunto de anúncios",0,0,,,,0,0,0,0,,,,0
2025-06-01,2025-06-30,"07 [WhatsApp] [Dia dos Namorados]",inactive,"Usando o orçamento do conjunto de anúncios",0,0,,,,0,0,0,0,,,,0
2025-06-01,2025-06-30,"18 - [Conversão] [CBO] [V-Strom] - Preço na LP",inactive,15,Diário,0,,,,0,0,0,0,,,,0
2025-06-01,2025-06-30,"CP23 [VideoView]",inactive,"Usando o orçamento do conjunto de anúncios",0,0,,,,0,0,0,0,,,,0
2025-06-01,2025-06-30,"23 - [Conversão] [CBO] [V-Strom]",inactive,"Usando o orçamento do conjunto de anúncios",0,0,,,,0,0,0,0,,,,0
2025-06-01,2025-06-30,"24 - [Conversão] [NEX]  - Interesse delivery e mais - Insta",inactive,"Usando o orçamento do conjunto de anúncios",0,0,,,,0,0,0,0,,,,0
2025-06-01,2025-06-30,"25 - [Conversão] [Chopper]",inactive,13,Diário,0,,,,0,0,0,0,,,,0
2025-06-01,2025-06-30,"26 - [Conversão] [DK]  - Interesse delivery e mais",inactive,13,Diário,0,,,,0,0,0,0,,,,0
2025-06-01,2025-06-30,"27 - [Conversão] [NEX]",inactive,"Usando o orçamento do conjunto de anúncios",0,0,,,,0,0,0,0,,,,0
2025-06-01,2025-06-30,"28 - [Conversão] [CBO] [V-Strom]",inactive,"Usando o orçamento do conjunto de anúncios",0,0,,,,0,0,0,0,,,,0
2025-06-01,2025-06-30,"29 - [Conversão] [Lindy]  - Interesse delivery",inactive,"Usando o orçamento do conjunto de anúncios",0,0,,,,0,0,0,0,,,,0
2025-06-01,2025-06-30,"30 - [Conversão] [V-Strom 1000 XT]",inactive,"Usando o orçamento do conjunto de anúncios",0,0,,,,0,0,0,0,,,,0
2025-06-01,2025-06-30,"31 - [Conversão] [V-Strom 1000 XT]",inactive,"Usando o orçamento do conjunto de anúncios",0,0,,,,0,0,0,0,,,,0
2025-06-01,2025-06-30,"37 - [Conversão] [Lindy]  - Interesses e rmkt",inactive,5.32,Diário,0,,,,0,0,0,0,,,,0
2025-06-01,2025-06-30,"56 - [Conversão] [DK 160]",inactive,"Usando o orçamento do conjunto de anúncios",0,0,,,,0,0,0,0,,,,0
2025-06-01,2025-06-30,"63 - [Conversão] [DR 160 19.996] - Jan/23",inactive,"Usando o orçamento do conjunto de anúncios",0,0,,,,0,0,0,0,,,,0
2025-06-01,2025-06-30,"68 - [Conversão] [DK 160]  - Maio/23",inactive,"Usando o orçamento do conjunto de anúncios",0,0,,,,0,0,0,0,,,,0
2025-06-01,2025-06-30,"80 [Conversão] [DK] setembro",inactive,"Usando o orçamento do conjunto de anúncios",0,0,,,,0,0,0,0,,,,0
2025-06-01,2025-06-30,"81 [Whats] Zontes",inactive,"Usando o orçamento do conjunto de anúncios",0,0,,,,0,0,0,0,,,,0
2025-06-01,2025-06-30,"CP122 [Cadastros] NK150 JUN",inactive,"Usando o orçamento do conjunto de anúncios",0,0,,,,0,0,0,0,,,,0
2025-06-01,2025-06-30,"06 - [WhatsApp] [Imagens Oferta]",inactive,"Usando o orçamento do conjunto de anúncios",0,0,,,,0,0,0,0,,,,0
2025-06-01,2025-06-30,"19 - [Conversão] [Chopper] — somente insta",inactive,"Usando o orçamento do conjunto de anúncios",0,0,,,,0,0,0,0,,,,0
2025-06-01,2025-06-30,"20 - [Conversão] [DK]  - Interesse delivery e mais — Insta",inactive,"Usando o orçamento do conjunto de anúncios",0,0,,,,0,0,0,0,,,,0
2025-06-01,2025-06-30,"21 - [Conversão] [GSX e Hayabusa] — somente insta",inactive,"Usando o orçamento do conjunto de anúncios",0,0,,,,0,0,0,0,,,,0
2025-06-01,2025-06-30,"22 - [Conversão] [Lindy]  - Interesse delivery - Insta",inactive,"Usando o orçamento do conjunto de anúncios",0,0,,,,0,0,0,0,,,,0
2025-06-01,2025-06-30,"37 - [Conversão] [DR 160]",inactive,20,Diário,0,,,,0,0,0,0,,,,0
2025-06-01,2025-06-30,"38 - [Conversão] [Suzuki SRAD]",inactive,20,Diário,0,,,,0,0,0,0,,,,0
2025-06-01,2025-06-30,"39 - [Conversão] [Suzuki VSTROM]",inactive,20,Diário,0,,,,0,0,0,0,,,,0
2025-06-01,2025-06-30,"40 - [Conversão] [DR 160]",inactive,5.5,Diário,0,,,,0,0,0,0,,,,0
2025-06-01,2025-06-30,"41 - [Conversão] [Suzuki VSTROM]",inactive,10,Diário,0,,,,0,0,0,0,,,,0
2025-06-01,2025-06-30,"42 - [Conversão] [Suzuki SRAD]",inactive,10,Diário,0,,,,0,0,0,0,,,,0
2025-06-01,2025-06-30,"44 - [Conversão] [Chopper] — Cópia",inactive,5,Diário,0,,,,0,0,0,0,,,,0
2025-06-01,2025-06-30,"64 - [Conversão] [Chopper 12.999] - Maio/23",inactive,"Usando o orçamento do conjunto de anúncios",0,0,,,,0,0,0,0,,,,0
2025-06-01,2025-06-30,"65 - [Conversão] [NK 150]  Maio/23",inactive,"Usando o orçamento do conjunto de anúncios",0,0,,,,0,0,0,0,,,,0
2025-06-01,2025-06-30,"66 - [Conversão] Master Ride — Maio/23",inactive,"Usando o orçamento do conjunto de anúncios",0,0,,,,0,0,0,0,,,,0
2025-06-01,2025-06-30,"67 - [Conversão] [DK 160]  - Maio/23",inactive,"Usando o orçamento do conjunto de anúncios",0,0,,,,0,0,0,0,,,,0
2025-06-01,2025-06-30,"76 - [Conversão] [Chopper 12.999] - setembro",inactive,"Usando o orçamento do conjunto de anúncios",0,0,,,,0,0,0,0,,,,0
2025-06-01,2025-06-30,"68 - [Conversão] [DK 160]",inactive,"Usando o orçamento do conjunto de anúncios",0,0,,,,0,0,0,0,,,,0
2025-06-01,2025-06-30,"66 - [Conversão] Master Ride - Julho/23",inactive,"Usando o orçamento do conjunto de anúncios",0,0,,,,0,0,0,0,,,,0
2025-06-01,2025-06-30,"67 - [Conversão] Master Ride - Julho/23",inactive,"Usando o orçamento do conjunto de anúncios",0,0,,,,0,0,0,0,,,,0
2025-06-01,2025-06-30,"69 - [Conversão] Master Ride - Julho/23",inactive,"Usando o orçamento do conjunto de anúncios",0,0,,,,0,0,0,0,,,,0
2025-06-01,2025-06-30,"74 - [Conversão] [DK 150 emplacada] - Julho/23",inactive,"Usando o orçamento do conjunto de anúncios",0,0,,,,0,0,0,0,,,,0
2025-06-01,2025-06-30,"75 - [Conversão] [DK 150 emplacada] - Julho/23",inactive,"Usando o orçamento do conjunto de anúncios",0,0,,,,0,0,0,0,,,,0
2025-06-01,2025-06-30,"69 - [Conversão] Master Ride - Julho/23 — Cópia",inactive,"Usando o orçamento do conjunto de anúncios",0,0,,,,0,0,0,0,,,,0
2025-06-01,2025-06-30,"CP121 [Cadastros] DK 10 - JUNHO 24",inactive,"Usando o orçamento do conjunto de anúncios",0,0,,,,0,0,0,0,,,,0
2025-06-01,2025-06-30,"81 [Whats] DK 160",inactive,"Usando o orçamento do conjunto de anúncios",0,0,,,,0,0,0,0,,,,0
2025-06-01,2025-06-30,"82 [conv] dk150",inactive,"Usando o orçamento do conjunto de anúncios",0,0,,,,0,0,0,0,,,,0
2025-06-01,2025-06-30,"83 [conv] dr160",inactive,"Usando o orçamento do conjunto de anúncios",0,0,,,,0,0,0,0,,,,0
2025-06-01,2025-06-30,"85 [conv] dr160",inactive,"Usando o orçamento do conjunto de anúncios",0,0,,,,0,0,0,0,,,,0
2025-06-01,2025-06-30,"84 [conv] master ride",inactive,"Usando o orçamento do conjunto de anúncios",0,0,,,,0,0,0,0,,,,0
2025-06-01,2025-06-30,"86 [conv] [chopper] ipva 24 pago - Janeiro 2024",inactive,"Usando o orçamento do conjunto de anúncios",0,0,,,,0,0,0,0,,,,0
2025-06-01,2025-06-30,"87 [conv] nk 150 - Janeiro",inactive,"Usando o orçamento do conjunto de anúncios",0,0,,,,0,0,0,0,,,,0
2025-06-01,2025-06-30,"CP88 - [Cadastros] dr 160",inactive,"Usando o orçamento do conjunto de anúncios",0,0,,,,0,0,0,0,,,,0
2025-06-01,2025-06-30,"CP89 - [Cadastros] Chopper",inactive,"Usando o orçamento do conjunto de anúncios",0,0,,,,0,0,0,0,,,,0
2025-06-01,2025-06-30,"CP90 - [Cadastros] nk 150",inactive,"Usando o orçamento do conjunto de anúncios",0,0,,,,0,0,0,0,,,,0
2025-06-01,2025-06-30,"CP91 [Cadastros] NK150 JAN",inactive,"Usando o orçamento do conjunto de anúncios",0,0,,,,0,0,0,0,,,,0
2025-06-01,2025-06-30,"CP93 [Cadastros] Chopper JAN",inactive,"Usando o orçamento do conjunto de anúncios",0,0,,,,0,0,0,0,,,,0
2025-06-01,2025-06-30,"CP96 MS [Cadastros] Marlon Master Ride JAN24",inactive,13.82,Diário,0,,,,0,0,0,0,,,,0
2025-06-01,2025-06-30,"CP97 [Cadastros] Master ride  Semi nova FEV 24",inactive,"Usando o orçamento do conjunto de anúncios",0,0,,,,0,0,0,0,,,,0
2025-06-01,2025-06-30,"CP99 [Cadastros] Forge 400i FEV 24",inactive,"Usando o orçamento do conjunto de anúncios",0,0,,,,0,0,0,0,,,,0
2025-06-01,2025-06-30,"CP101 - [Cadastros] dr 160 28 Fev",inactive,"Usando o orçamento do conjunto de anúncios",0,0,,,,0,0,0,0,,,,0
2025-06-01,2025-06-30,"CP102 - [Cadastros] dr 160 28 Fev",inactive,"Usando o orçamento do conjunto de anúncios",0,0,,,,0,0,0,0,,,,0
2025-06-01,2025-06-30,"CP103 - [Cadastros] dr 160 29 Fev",inactive,"Usando o orçamento do conjunto de anúncios",0,0,,,,0,0,0,0,,,,0
2025-06-01,2025-06-30,"CP106 [Cadastros] Chopper promo MAR — Laura e Vini",inactive,"Usando o orçamento do conjunto de anúncios",0,0,,,,0,0,0,0,,,,0
2025-06-01,2025-06-30,"CP107 [Cadastros] Master ride MAR24",inactive,"Usando o orçamento do conjunto de anúncios",0,0,,,,0,0,0,0,,,,0
2025-06-01,2025-06-30,"Motos seminovas Mar 25",inactive,18,Diário,0,,,,0,0,0,0,,,,0
2025-06-01,2025-06-30,"CP112 [Cadastros] Chopper promo - Abril",inactive,"Usando o orçamento do conjunto de anúncios",0,0,,,,0,0,0,0,,,,0
2025-06-01,2025-06-30,"CP113 [Cadastros] lindy promo - Abril",inactive,"Usando o orçamento do conjunto de anúncios",0,0,,,,0,0,0,0,,,,0
2025-06-01,2025-06-30,"CP119 - [VideoView] Master Ride",inactive,"Usando o orçamento do conjunto de anúncios",0,0,,,,0,0,0,0,,,,0
2025-06-01,2025-06-30,"CP120 [Cadastros] Master ride e Chopper CBO - Jun/24",inactive,7,Diário,0,,,,0,0,0,0,,,,0
2025-06-01,2025-06-30,"CP92 [Cadastros] dr160 JAN",inactive,"Usando o orçamento do conjunto de anúncios",0,0,,,,0,0,0,0,,,,0
2025-06-01,2025-06-30,"CP94 [Cadastros] Chopper JAN",inactive,"Usando o orçamento do conjunto de anúncios",0,0,,,,0,0,0,0,,,,0
2025-06-01,2025-06-30,"CP95 [Cadastros] Master ride JAN24",inactive,"Usando o orçamento do conjunto de anúncios",0,0,,,,0,0,0,0,,,,0
2025-06-01,2025-06-30,"CP104 [Cadastros] Chopper MAR",inactive,"Usando o orçamento do conjunto de anúncios",0,0,,,,0,0,0,0,,,,0
2025-06-01,2025-06-30,"CP105[Cadastros] Forge 400i MAR 24",inactive,"Usando o orçamento do conjunto de anúncios",0,0,,,,0,0,0,0,,,,0
2025-06-01,2025-06-30,"CP109 [Cadastros] Motos seminovas ABRIL 24",inactive,"Usando o orçamento do conjunto de anúncios",0,0,,,,0,0,0,0,,,,0
2025-06-01,2025-06-30,"CP110 [Cadastros] DK 160 - ABRIL 24",inactive,"Usando o orçamento do conjunto de anúncios",0,0,,,,0,0,0,0,,,,0
2025-06-01,2025-06-30,"CP111 [Cadastros] Master ride MAR24",inactive,"Usando o orçamento do conjunto de anúncios",0,0,,,,0,0,0,0,,,,0
2025-06-01,2025-06-30,"CP114 [Cadastros] Chopper promo - Maio",inactive,"Usando o orçamento do conjunto de anúncios",0,0,,,,0,0,0,0,,,,0
2025-06-01,2025-06-30,"CP115 [Cadastros] Master ride  MAIO 24",inactive,12,Diário,0,,,,0,0,0,0,,,,0
2025-06-01,2025-06-30,"CP116 [Cadastros] Master ride MAIO24",inactive,12,Diário,0,,,,0,0,0,0,,,,0
2025-06-01,2025-06-30,"CP117 [Cadastros] Master ride MAIO24",inactive,12,Diário,0,,,,0,0,0,0,,,,0
2025-06-01,2025-06-30,"CP118 [Cadastros] Master ride  CBO - MAIO24",inactive,26.36,Diário,0,,,,0,0,0,0,,,,0
2025-06-01,2025-06-30,"CP118 [Cadastros] Master ride  CBO - Jun/24",inactive,12.09,Diário,0,,,,0,0,0,0,,,,0
2025-06-01,2025-06-30,"CP120 - [Cadastros] dr 160 - 06 Junho",inactive,"Usando o orçamento do conjunto de anúncios",0,0,,,,0,0,0,0,,,,0
